<?xml version="1.0" encoding="Windows-1252"?>
<!-- Informatica proprietary -->
<!DOCTYPE POWERMART SYSTEM "powrmart.dtd">
<POWERMART CREATION_DATE="03/05/2025 12:54:27" REPOSITORY_VERSION="189.98">
<REPOSITORY NAME="REP" VERSION="189" CODEPAGE="MS1252" DATABASETYPE="Oracle">
<FOLDER NAME="Test" GROUP="" OWNER="Administrator" SHARED="NOTSHARED" DESCRIPTION="" PERMISSIONS="rwx---r--" UUID="8218d282-cb8a-40be-9551-42ee51c884c5">
    <SOURCE BUSINESSNAME ="" DATABASETYPE ="Oracle" DBDNAME ="C##source" DESCRIPTION ="" NAME ="CUSTOMER" OBJECTVERSION ="1" OWNERNAME ="C##SOURCE" VERSIONNUMBER ="1">
        <SOURCEFIELD BUSINESSNAME ="" DATATYPE ="varchar" DESCRIPTION ="" FIELDNUMBER ="1" FIELDPROPERTY ="0" FIELDTYPE ="ELEMITEM" HIDDEN ="NO" KEYTYPE ="NOT A KEY" LENGTH ="0" LEVEL ="0" NAME ="NAME" NULLABLE ="NULL" OCCURS ="0" OFFSET ="0" PHYSICALLENGTH ="20" PHYSICALOFFSET ="0" PICTURETEXT ="" PRECISION ="20" SCALE ="0" USAGE_FLAGS =""/>
        <SOURCEFIELD BUSINESSNAME ="" DATATYPE ="number(p,s)" DESCRIPTION ="" FIELDNUMBER ="2" FIELDPROPERTY ="0" FIELDTYPE ="ELEMITEM" HIDDEN ="NO" KEYTYPE ="NOT A KEY" LENGTH ="40" LEVEL ="0" NAME ="ID" NULLABLE ="NULL" OCCURS ="0" OFFSET ="0" PHYSICALLENGTH ="38" PHYSICALOFFSET ="20" PICTURETEXT ="" PRECISION ="38" SCALE ="0" USAGE_FLAGS =""/>
        <SOURCEFIELD BUSINESSNAME ="" DATATYPE ="varchar" DESCRIPTION ="" FIELDNUMBER ="3" FIELDPROPERTY ="0" FIELDTYPE ="ELEMITEM" HIDDEN ="NO" KEYTYPE ="NOT A KEY" LENGTH ="0" LEVEL ="0" NAME ="LOCATION" NULLABLE ="NULL" OCCURS ="0" OFFSET ="40" PHYSICALLENGTH ="20" PHYSICALOFFSET ="58" PICTURETEXT ="" PRECISION ="20" SCALE ="0" USAGE_FLAGS =""/>
    </SOURCE>
</FOLDER>
</REPOSITORY>
</POWERMART>