﻿COLLEGE_CODE,COLLEGE_NAME,COLLEGE_STREET,COLLEGE_CITY,COLLEGE_STATE,COLLEGE_ZIP,COLLEGE_PHONE
194693762,Mountainview College,5776 College St,Riverside,California,83701,(272)612-6100
322864222,Lakeside Institute,6036 College St,Riverside,New York,54853,(516)210-2450
523576293,Greenwood College,9727 College St,Riverside,Florida,94723,(821)549-5316
613058635,Mountainview University,7821 College St,Greenwood,Illinois,95950,(847)948-2253
622118061,Springfield College,6606 College St,Riverside,Florida,49312,(288)289-0737
830853347,Springfield College,6578 College St,Greenwood,California,15411,(818)829-6954
844047420,Mountainside College,5849 College St,Mountainview,Texas,43392,(743)627-8917
914190009,Sathyabama College,3917 College St,Springfield,New York,38045,(988)109-4753
935262977,Springwood College,229 College St,Springfield,Illinois,96179,(880)614-2927
995524394,Riverside Engineering,1487 College St,Riverside,Illinois,69742,(678)611-0576
