﻿CDW_P_RESULT_DSET_KEY,RESULT_F_PERIOD_KEY,RESULT_F_STUDENT_KEY,RESULT_F_DEPARTMENT_KEY,RESULT_F_COLLEGE_CODE,RESULT_F_COLLEGE_NAME,RESULT_F_COURSE_CODE,RESULT_F_COURSE_NAME,RESULT_F_FACULTY_NO,RESULT_MARKS,RESULT_GRADE,CREATED_DATE,CREATED_BY
11,20240507,18,58,523576293,Greenwood College,1028,Artificial Intelligence,100001238,58,FAIL,2025-04-07,STAGING
12,20240619,19,47,995524394,Riverside Engineering,1017,Environmental Science,100001239,49,FAIL,2025-04-07,STAGING
13,20240703,20,35,622118061,Springfield College,1005,Biotechnology,100001240,85,PASS,2025-04-07,STAGING
18,20240115,14,31,613058635,Mountainview University,1001,Computer Science,100001241,80,PASS,2025-04-07,STAGING
19,20240228,15,32,622118061,Springfield College,1002,Mechanical Engineering,100001235,45,FAIL,2025-04-07,STAGING
20,20240312,16,33,322864222,Lakeside Institute,1003,Electrical Engineering,100001236,65,PASS,2025-04-07,STAGING
