﻿CDW_RESULT_AGG_DSET_KEY,COLLEGE_CODE,COLLEGE_NAME,COURSE_CODE,COURSE_NAME,TOTAL_PASS,MAXIMUM_MARK,CREATED_DATE
7,995524394,Riverside Engineering,1017,Environmental Science,0,49.00,2025-04-07
8,613058635,Mountainview University,1001,Computer Science,1,80.00,2025-04-07
9,322864222,Lakeside Institute,1003,Electrical Engineering,1,65.00,2025-04-07
10,622118061,Springfield College,1002,Mechanical Engineering,0,45.00,2025-04-07
11,622118061,Springfield College,1005,Biotechnology,1,85.00,2025-04-07
12,523576293,Greenwood College,1028,Artificial Intelligence,0,58.00,2025-04-07
