﻿DEPARTMENT_ID,DEPARTMENT_NAME,DEPARTMENT_NO,DEPARTMENT_PHONE,DEPARTMENT_HEAD
31,Finance,101,123-456-7890,John Doe
32,HR,102,987-654-3210,Jane Smith
33,IT,103,567-890-1234,Mike Johnson
34,Marketing,104,345-678-9012,Alice Brown
35,Sales,105,234-567-8901,David Wilson
36,Legal,106,765-432-1098,Emily Davis
37,Operations,107,876-543-2109,Robert Thomas
38,Logistics,108,654-321-0987,Sophia White
39,Procurement,109,543-210-9876,James Harris
40,Quality Control,110,432-109-8765,Olivia Martin
41,Customer Service,111,321-098-7654,Daniel Clark
42,R&D,112,210-987-6543,Charlotte Lewis
43,Security,113,109-876-5432,Benjamin Walker
44,Compliance,114,908-765-4321,Amelia Hall
45,Audit,115,807-654-3210,William Allen
46,Public Relations,116,706-543-2109,Ella Young
47,Investor Relations,117,605-432-1098,Henry King
48,Training,118,504-321-0987,Lucas Wright
49,Strategy,119,403-210-9876,Grace Scott
50,Administration,120,302-109-8765,Victoria Green
51,Facilities,121,201-098-7654,Ethan Adams
52,Risk Management,122,100-987-6543,Liam Baker
53,Product Management,123,987-650-4321,Ava Nelson
54,Legal Compliance,124,876-540-3210,Noah Carter
55,Internal Audit,125,765-430-2109,Isabella Mitchell
56,Supply Chain,126,654-320-1098,Mason Perez
57,Business Intelligence,127,543-210-0987,Mia Stewart
58,Data Analytics,128,432-100-9876,James Rodriguez
59,Software Development,129,321-000-8765,Sophia Ramirez
60,Cloud Computing,130,210-000-7654,Elijah Bennett
