<?xml version="1.0" encoding="Windows-1252"?>
<!-- Informatica proprietary -->
<!DOCTYPE POWERMART SYSTEM "powrmart.dtd">
<POWERMART CREATION_DATE="03/15/2025 15:27:53" REPOSITORY_VERSION="189.98">
<REPOSITORY NAME="REP" VERSION="189" CODEPAGE="MS1252" DATABASETYPE="Oracle">
<FOLDER NAME="Test" GROUP="" OWNER="Administrator" SHARED="NOTSHARED" DESCRIPTION="" PERMISSIONS="rwx---r--" UUID="8218d282-cb8a-40be-9551-42ee51c884c5">
    <SOURCE BUSINESSNAME ="" DATABASETYPE ="Flat File" DBDNAME ="FlatFile" DESCRIPTION ="" NAME ="EMP" OBJECTVERSION ="1" OWNERNAME ="" VERSIONNUMBER ="1">
        <FLATFILE CODEPAGE ="MS1252" CONSECDELIMITERSASONE ="NO" DELIMITED ="YES" DELIMITERS ="," ESCAPE_CHARACTER ="" KEEPESCAPECHAR ="NO" LINESEQUENTIAL ="NO" MULTIDELIMITERSASAND ="NO" NULLCHARTYPE ="ASCII" NULL_CHARACTER ="*" PADBYTES ="1" QUOTE_CHARACTER ="NONE" REPEATABLE ="NO" ROWDELIMITER ="0" SHIFTSENSITIVEDATA ="NO" SKIPROWS ="1" STRIPTRAILINGBLANKS ="NO"/>
        <TABLEATTRIBUTE NAME ="Base Table Name" VALUE =""/>
        <TABLEATTRIBUTE NAME ="Search Specification" VALUE =""/>
        <TABLEATTRIBUTE NAME ="Sort Specification" VALUE =""/>
        <TABLEATTRIBUTE NAME ="Datetime Format" VALUE ="A  19 mm/dd/yyyy hh24:mi:ss"/>
        <TABLEATTRIBUTE NAME ="Thousand Separator" VALUE ="None"/>
        <TABLEATTRIBUTE NAME ="Decimal Separator" VALUE ="."/>
        <TABLEATTRIBUTE NAME ="Add Currently Processed Flat File Name Port" VALUE ="NO"/>
        <TABLEATTRIBUTE NAME ="Source TimeStamp" VALUE =""/>
        <SOURCEFIELD BUSINESSNAME ="" DATATYPE ="number" DESCRIPTION ="" FIELDNUMBER ="1" FIELDPROPERTY ="0" FIELDTYPE ="ELEMITEM" HIDDEN ="NO" KEYTYPE ="NOT A KEY" LENGTH ="2" LEVEL ="0" NAME ="EmpId" NULLABLE ="NULL" OCCURS ="0" OFFSET ="0" PHYSICALLENGTH ="2" PHYSICALOFFSET ="0" PICTURETEXT ="" PRECISION ="2" SCALE ="0" USAGE_FLAGS =""/>
        <SOURCEFIELD BUSINESSNAME ="" DATATYPE ="string" DESCRIPTION ="" FIELDNUMBER ="2" FIELDPROPERTY ="0" FIELDTYPE ="ELEMITEM" HIDDEN ="NO" KEYTYPE ="NOT A KEY" LENGTH ="7" LEVEL ="0" NAME ="EmpName" NULLABLE ="NULL" OCCURS ="0" OFFSET ="2" PHYSICALLENGTH ="7" PHYSICALOFFSET ="2" PICTURETEXT ="" PRECISION ="7" SCALE ="0" USAGE_FLAGS =""/>
        <SOURCEFIELD BUSINESSNAME ="" DATATYPE ="number" DESCRIPTION ="" FIELDNUMBER ="3" FIELDPROPERTY ="0" FIELDTYPE ="ELEMITEM" HIDDEN ="NO" KEYTYPE ="NOT A KEY" LENGTH ="5" LEVEL ="0" NAME ="Salary" NULLABLE ="NULL" OCCURS ="0" OFFSET ="9" PHYSICALLENGTH ="5" PHYSICALOFFSET ="9" PICTURETEXT ="" PRECISION ="5" SCALE ="0" USAGE_FLAGS =""/>
        <SOURCEFIELD BUSINESSNAME ="" DATATYPE ="number" DESCRIPTION ="" FIELDNUMBER ="4" FIELDPROPERTY ="0" FIELDTYPE ="ELEMITEM" HIDDEN ="NO" KEYTYPE ="NOT A KEY" LENGTH ="2" LEVEL ="0" NAME ="DeptId" NULLABLE ="NULL" OCCURS ="0" OFFSET ="14" PHYSICALLENGTH ="2" PHYSICALOFFSET ="14" PICTURETEXT ="" PRECISION ="2" SCALE ="0" USAGE_FLAGS =""/>
    </SOURCE>
    <TARGET BUSINESSNAME ="" CONSTRAINT ="" DATABASETYPE ="Flat File" DESCRIPTION ="" NAME ="emp_add_tgt" OBJECTVERSION ="1" TABLEOPTIONS ="" VERSIONNUMBER ="1">
        <FLATFILE CODEPAGE ="MS1252" CONSECDELIMITERSASONE ="NO" DELIMITED ="YES" DELIMITERS ="|" ESCAPE_CHARACTER ="" KEEPESCAPECHAR ="NO" LINESEQUENTIAL ="NO" MULTIDELIMITERSASAND ="NO" NULLCHARTYPE ="ASCII" NULL_CHARACTER ="*" PADBYTES ="1" QUOTE_CHARACTER ="NONE" REPEATABLE ="NO" ROWDELIMITER ="0" SKIPROWS ="0" STRIPTRAILINGBLANKS ="NO"/>
        <TARGETFIELD BUSINESSNAME ="" DATATYPE ="number" DESCRIPTION ="" FIELDNUMBER ="1" KEYTYPE ="NOT A KEY" NAME ="DeptID" NULLABLE ="NULL" PICTURETEXT ="" PRECISION ="10" SCALE ="0"/>
        <TARGETFIELD BUSINESSNAME ="" DATATYPE ="number" DESCRIPTION ="" FIELDNUMBER ="2" KEYTYPE ="NOT A KEY" NAME ="Total_Salary" NULLABLE ="NULL" PICTURETEXT ="" PRECISION ="10" SCALE ="0"/>
        <TARGETFIELD BUSINESSNAME ="" DATATYPE ="string" DESCRIPTION ="" FIELDNUMBER ="3" KEYTYPE ="NOT A KEY" NAME ="EmpName" NULLABLE ="NULL" PICTURETEXT ="" PRECISION ="20" SCALE ="0"/>
        <TABLEATTRIBUTE NAME ="Datetime Format" VALUE ="A  19 mm/dd/yyyy hh24:mi:ss"/>
        <TABLEATTRIBUTE NAME ="Thousand Separator" VALUE ="None"/>
        <TABLEATTRIBUTE NAME ="Decimal Separator" VALUE ="."/>
        <TABLEATTRIBUTE NAME ="Line Endings" VALUE ="System default"/>
    </TARGET>
    <MAPPING DESCRIPTION ="" ISVALID ="YES" NAME ="m_emp_add" OBJECTVERSION ="1" VERSIONNUMBER ="1">
        <TRANSFORMATION DESCRIPTION ="" NAME ="SQ_EMP" OBJECTVERSION ="1" REUSABLE ="NO" TYPE ="Source Qualifier" VERSIONNUMBER ="1">
            <TRANSFORMFIELD DATATYPE ="decimal" DEFAULTVALUE ="" DESCRIPTION ="" NAME ="EmpId" PICTURETEXT ="" PORTTYPE ="INPUT/OUTPUT" PRECISION ="2" SCALE ="0"/>
            <TRANSFORMFIELD DATATYPE ="string" DEFAULTVALUE ="" DESCRIPTION ="" NAME ="EmpName" PICTURETEXT ="" PORTTYPE ="INPUT/OUTPUT" PRECISION ="7" SCALE ="0"/>
            <TRANSFORMFIELD DATATYPE ="decimal" DEFAULTVALUE ="" DESCRIPTION ="" NAME ="Salary" PICTURETEXT ="" PORTTYPE ="INPUT/OUTPUT" PRECISION ="5" SCALE ="0"/>
            <TRANSFORMFIELD DATATYPE ="decimal" DEFAULTVALUE ="" DESCRIPTION ="" NAME ="DeptId" PICTURETEXT ="" PORTTYPE ="INPUT/OUTPUT" PRECISION ="2" SCALE ="0"/>
            <TABLEATTRIBUTE NAME ="Sql Query" VALUE =""/>
            <TABLEATTRIBUTE NAME ="User Defined Join" VALUE =""/>
            <TABLEATTRIBUTE NAME ="Source Filter" VALUE =""/>
            <TABLEATTRIBUTE NAME ="Number Of Sorted Ports" VALUE ="0"/>
            <TABLEATTRIBUTE NAME ="Tracing Level" VALUE ="Normal"/>
            <TABLEATTRIBUTE NAME ="Select Distinct" VALUE ="NO"/>
            <TABLEATTRIBUTE NAME ="Is Partitionable" VALUE ="NO"/>
            <TABLEATTRIBUTE NAME ="Pre SQL" VALUE =""/>
            <TABLEATTRIBUTE NAME ="Post SQL" VALUE =""/>
            <TABLEATTRIBUTE NAME ="Output is deterministic" VALUE ="NO"/>
            <TABLEATTRIBUTE NAME ="Output is repeatable" VALUE ="Never"/>
        </TRANSFORMATION>
        <TRANSFORMATION DESCRIPTION ="" NAME ="EXPTRANS" OBJECTVERSION ="1" REUSABLE ="NO" TYPE ="Expression" VERSIONNUMBER ="1">
            <TRANSFORMFIELD DATATYPE ="decimal" DEFAULTVALUE ="" DESCRIPTION ="" EXPRESSION ="EmpId" EXPRESSIONTYPE ="GENERAL" NAME ="EmpId" PICTURETEXT ="" PORTTYPE ="INPUT/OUTPUT" PRECISION ="2" SCALE ="0"/>
            <TRANSFORMFIELD DATATYPE ="string" DEFAULTVALUE ="" DESCRIPTION ="" EXPRESSION ="EmpName" EXPRESSIONTYPE ="GENERAL" NAME ="EmpName" PICTURETEXT ="" PORTTYPE ="INPUT/OUTPUT" PRECISION ="7" SCALE ="0"/>
            <TRANSFORMFIELD DATATYPE ="integer" DEFAULTVALUE ="" DESCRIPTION ="" EXPRESSION ="DeptId" EXPRESSIONTYPE ="GENERAL" NAME ="DeptId" PICTURETEXT ="" PORTTYPE ="INPUT/OUTPUT" PRECISION ="10" SCALE ="0"/>
            <TRANSFORMFIELD DATATYPE ="string" DEFAULTVALUE ="" DESCRIPTION ="" EXPRESSION ="IIF(DeptId != v_prev,EmpName,V_concat || &apos;~&apos; || EmpName)" EXPRESSIONTYPE ="GENERAL" NAME ="V_concat" PICTURETEXT ="" PORTTYPE ="LOCAL VARIABLE" PRECISION ="100" SCALE ="0"/>
            <TRANSFORMFIELD DATATYPE ="string" DEFAULTVALUE ="" DESCRIPTION ="" EXPRESSION ="IIF(INSTR(V_concat,&apos;~&apos;)=1,SUBSTR(V_concat,2),V_concat)" EXPRESSIONTYPE ="GENERAL" NAME ="Final_concat_name" PICTURETEXT ="" PORTTYPE ="LOCAL VARIABLE" PRECISION ="100" SCALE ="0"/>
            <TRANSFORMFIELD DATATYPE ="string" DEFAULTVALUE ="ERROR(&apos;transformation error&apos;)" DESCRIPTION ="" EXPRESSION ="Final_concat_name" EXPRESSIONTYPE ="GENERAL" NAME ="o_concat" PICTURETEXT ="" PORTTYPE ="OUTPUT" PRECISION ="100" SCALE ="0"/>
            <TRANSFORMFIELD DATATYPE ="integer" DEFAULTVALUE ="" DESCRIPTION ="" EXPRESSION ="DeptId" EXPRESSIONTYPE ="GENERAL" NAME ="v_prev" PICTURETEXT ="" PORTTYPE ="LOCAL VARIABLE" PRECISION ="10" SCALE ="0"/>
            <TRANSFORMFIELD DATATYPE ="decimal" DEFAULTVALUE ="" DESCRIPTION ="" EXPRESSION ="Salary" EXPRESSIONTYPE ="GENERAL" NAME ="Salary" PICTURETEXT ="" PORTTYPE ="INPUT/OUTPUT" PRECISION ="5" SCALE ="0"/>
            <TABLEATTRIBUTE NAME ="Tracing Level" VALUE ="Normal"/>
        </TRANSFORMATION>
        <TRANSFORMATION DESCRIPTION ="" NAME ="AGGTRANS" OBJECTVERSION ="1" REUSABLE ="NO" TYPE ="Aggregator" VERSIONNUMBER ="1">
            <TRANSFORMFIELD DATATYPE ="decimal" DEFAULTVALUE ="" DESCRIPTION ="" EXPRESSION ="EmpId" EXPRESSIONTYPE ="GENERAL" NAME ="EmpId" PICTURETEXT ="" PORTTYPE ="INPUT/OUTPUT" PRECISION ="2" SCALE ="0"/>
            <TRANSFORMFIELD DATATYPE ="string" DEFAULTVALUE ="" DESCRIPTION ="" EXPRESSION ="EmpName" EXPRESSIONTYPE ="GENERAL" NAME ="EmpName" PICTURETEXT ="" PORTTYPE ="INPUT/OUTPUT" PRECISION ="7" SCALE ="0"/>
            <TRANSFORMFIELD DATATYPE ="integer" DEFAULTVALUE ="" DESCRIPTION ="" EXPRESSION ="DeptId" EXPRESSIONTYPE ="GROUPBY" NAME ="DeptId" PICTURETEXT ="" PORTTYPE ="INPUT/OUTPUT" PRECISION ="10" SCALE ="0"/>
            <TRANSFORMFIELD DATATYPE ="integer" DEFAULTVALUE ="" DESCRIPTION ="" EXPRESSION ="Salary" EXPRESSIONTYPE ="GENERAL" NAME ="Salary" PICTURETEXT ="" PORTTYPE ="INPUT/OUTPUT" PRECISION ="10" SCALE ="0"/>
            <TRANSFORMFIELD DATATYPE ="integer" DEFAULTVALUE ="ERROR(&apos;transformation error&apos;)" DESCRIPTION ="" EXPRESSION ="SUM(Salary)" EXPRESSIONTYPE ="GENERAL" NAME ="TOT_SAL" PICTURETEXT ="" PORTTYPE ="OUTPUT" PRECISION ="10" SCALE ="0"/>
            <TRANSFORMFIELD DATATYPE ="string" DEFAULTVALUE ="" DESCRIPTION ="" EXPRESSION ="o_concat" EXPRESSIONTYPE ="GENERAL" NAME ="o_concat" PICTURETEXT ="" PORTTYPE ="INPUT/OUTPUT" PRECISION ="100" SCALE ="0"/>
            <TABLEATTRIBUTE NAME ="Cache Directory" VALUE ="$PMCacheDir"/>
            <TABLEATTRIBUTE NAME ="Tracing Level" VALUE ="Normal"/>
            <TABLEATTRIBUTE NAME ="Sorted Input" VALUE ="NO"/>
            <TABLEATTRIBUTE NAME ="Aggregator Data Cache Size" VALUE ="Auto"/>
            <TABLEATTRIBUTE NAME ="Aggregator Index Cache Size" VALUE ="Auto"/>
            <TABLEATTRIBUTE NAME ="Transformation Scope" VALUE ="All Input"/>
        </TRANSFORMATION>
        <INSTANCE DESCRIPTION ="" NAME ="emp_add_tgt" TRANSFORMATION_NAME ="emp_add_tgt" TRANSFORMATION_TYPE ="Target Definition" TYPE ="TARGET"/>
        <INSTANCE DBDNAME ="FlatFile" DESCRIPTION ="" NAME ="EMP" TRANSFORMATION_NAME ="EMP" TRANSFORMATION_TYPE ="Source Definition" TYPE ="SOURCE"/>
        <INSTANCE DESCRIPTION ="" NAME ="SQ_EMP" REUSABLE ="NO" TRANSFORMATION_NAME ="SQ_EMP" TRANSFORMATION_TYPE ="Source Qualifier" TYPE ="TRANSFORMATION">
            <ASSOCIATED_SOURCE_INSTANCE NAME ="EMP"/>
        </INSTANCE>
        <INSTANCE DESCRIPTION ="" NAME ="EXPTRANS" REUSABLE ="NO" TRANSFORMATION_NAME ="EXPTRANS" TRANSFORMATION_TYPE ="Expression" TYPE ="TRANSFORMATION"/>
        <INSTANCE DESCRIPTION ="" NAME ="AGGTRANS" REUSABLE ="NO" TRANSFORMATION_NAME ="AGGTRANS" TRANSFORMATION_TYPE ="Aggregator" TYPE ="TRANSFORMATION"/>
        <CONNECTOR FROMFIELD ="DeptId" FROMINSTANCE ="AGGTRANS" FROMINSTANCETYPE ="Aggregator" TOFIELD ="DeptID" TOINSTANCE ="emp_add_tgt" TOINSTANCETYPE ="Target Definition"/>
        <CONNECTOR FROMFIELD ="TOT_SAL" FROMINSTANCE ="AGGTRANS" FROMINSTANCETYPE ="Aggregator" TOFIELD ="Total_Salary" TOINSTANCE ="emp_add_tgt" TOINSTANCETYPE ="Target Definition"/>
        <CONNECTOR FROMFIELD ="o_concat" FROMINSTANCE ="AGGTRANS" FROMINSTANCETYPE ="Aggregator" TOFIELD ="EmpName" TOINSTANCE ="emp_add_tgt" TOINSTANCETYPE ="Target Definition"/>
        <CONNECTOR FROMFIELD ="EmpId" FROMINSTANCE ="EMP" FROMINSTANCETYPE ="Source Definition" TOFIELD ="EmpId" TOINSTANCE ="SQ_EMP" TOINSTANCETYPE ="Source Qualifier"/>
        <CONNECTOR FROMFIELD ="EmpName" FROMINSTANCE ="EMP" FROMINSTANCETYPE ="Source Definition" TOFIELD ="EmpName" TOINSTANCE ="SQ_EMP" TOINSTANCETYPE ="Source Qualifier"/>
        <CONNECTOR FROMFIELD ="Salary" FROMINSTANCE ="EMP" FROMINSTANCETYPE ="Source Definition" TOFIELD ="Salary" TOINSTANCE ="SQ_EMP" TOINSTANCETYPE ="Source Qualifier"/>
        <CONNECTOR FROMFIELD ="DeptId" FROMINSTANCE ="EMP" FROMINSTANCETYPE ="Source Definition" TOFIELD ="DeptId" TOINSTANCE ="SQ_EMP" TOINSTANCETYPE ="Source Qualifier"/>
        <CONNECTOR FROMFIELD ="EmpId" FROMINSTANCE ="SQ_EMP" FROMINSTANCETYPE ="Source Qualifier" TOFIELD ="EmpId" TOINSTANCE ="EXPTRANS" TOINSTANCETYPE ="Expression"/>
        <CONNECTOR FROMFIELD ="Salary" FROMINSTANCE ="SQ_EMP" FROMINSTANCETYPE ="Source Qualifier" TOFIELD ="Salary" TOINSTANCE ="EXPTRANS" TOINSTANCETYPE ="Expression"/>
        <CONNECTOR FROMFIELD ="EmpName" FROMINSTANCE ="SQ_EMP" FROMINSTANCETYPE ="Source Qualifier" TOFIELD ="EmpName" TOINSTANCE ="EXPTRANS" TOINSTANCETYPE ="Expression"/>
        <CONNECTOR FROMFIELD ="DeptId" FROMINSTANCE ="SQ_EMP" FROMINSTANCETYPE ="Source Qualifier" TOFIELD ="DeptId" TOINSTANCE ="EXPTRANS" TOINSTANCETYPE ="Expression"/>
        <CONNECTOR FROMFIELD ="EmpId" FROMINSTANCE ="EXPTRANS" FROMINSTANCETYPE ="Expression" TOFIELD ="EmpId" TOINSTANCE ="AGGTRANS" TOINSTANCETYPE ="Aggregator"/>
        <CONNECTOR FROMFIELD ="EmpName" FROMINSTANCE ="EXPTRANS" FROMINSTANCETYPE ="Expression" TOFIELD ="EmpName" TOINSTANCE ="AGGTRANS" TOINSTANCETYPE ="Aggregator"/>
        <CONNECTOR FROMFIELD ="DeptId" FROMINSTANCE ="EXPTRANS" FROMINSTANCETYPE ="Expression" TOFIELD ="DeptId" TOINSTANCE ="AGGTRANS" TOINSTANCETYPE ="Aggregator"/>
        <CONNECTOR FROMFIELD ="Salary" FROMINSTANCE ="EXPTRANS" FROMINSTANCETYPE ="Expression" TOFIELD ="Salary" TOINSTANCE ="AGGTRANS" TOINSTANCETYPE ="Aggregator"/>
        <CONNECTOR FROMFIELD ="o_concat" FROMINSTANCE ="EXPTRANS" FROMINSTANCETYPE ="Expression" TOFIELD ="o_concat" TOINSTANCE ="AGGTRANS" TOINSTANCETYPE ="Aggregator"/>
        <TARGETLOADORDER ORDER ="1" TARGETINSTANCE ="emp_add_tgt"/>
        <ERPINFO/>
    </MAPPING>
</FOLDER>
</REPOSITORY>
</POWERMART>