<?xml version="1.0" encoding="Windows-1252"?>
<!-- Informatica proprietary -->
<!DOCTYPE POWERMART SYSTEM "powrmart.dtd">
<POWERMART CREATION_DATE="03/10/2025 22:42:11" REPOSITORY_VERSION="189.98">
<REPOSITORY NAME="REP" VERSION="189" CODEPAGE="MS1252" DATABASETYPE="Oracle">
<FOLDER NAME="Test" GROUP="" OWNER="Administrator" SHARED="NOTSHARED" DESCRIPTION="" PERMISSIONS="rwx---r--" UUID="8218d282-cb8a-40be-9551-42ee51c884c5">
    <TARGET BUSINESSNAME ="" CONSTRAINT ="" DATABASETYPE ="Oracle" DESCRIPTION ="" NAME ="EMPLOYEE_TARGET" OBJECTVERSION ="1" TABLEOPTIONS ="" VERSIONNUMBER ="1">
        <TARGETFIELD BUSINESSNAME ="" DATATYPE ="number(p,s)" DESCRIPTION ="" FIELDNUMBER ="1" KEYTYPE ="PRIMARY KEY" NAME ="DIMKEY" NULLABLE ="NOTNULL" PICTURETEXT ="" PRECISION ="38" SCALE ="0"/>
        <TARGETFIELD BUSINESSNAME ="" DATATYPE ="number(p,s)" DESCRIPTION ="" FIELDNUMBER ="2" KEYTYPE ="NOT A KEY" NAME ="ENO" NULLABLE ="NULL" PICTURETEXT ="" PRECISION ="38" SCALE ="0"/>
        <TARGETFIELD BUSINESSNAME ="" DATATYPE ="varchar2" DESCRIPTION ="" FIELDNUMBER ="3" KEYTYPE ="NOT A KEY" NAME ="ENAME" NULLABLE ="NULL" PICTURETEXT ="" PRECISION ="100" SCALE ="0"/>
        <TARGETFIELD BUSINESSNAME ="" DATATYPE ="varchar2" DESCRIPTION ="" FIELDNUMBER ="4" KEYTYPE ="NOT A KEY" NAME ="ELOCATION" NULLABLE ="NULL" PICTURETEXT ="" PRECISION ="100" SCALE ="0"/>
        <TARGETFIELD BUSINESSNAME ="" DATATYPE ="varchar2" DESCRIPTION ="" FIELDNUMBER ="5" KEYTYPE ="NOT A KEY" NAME ="EPHONE" NULLABLE ="NULL" PICTURETEXT ="" PRECISION ="100" SCALE ="0"/>
        <TARGETFIELD BUSINESSNAME ="" DATATYPE ="date" DESCRIPTION ="" FIELDNUMBER ="6" KEYTYPE ="NOT A KEY" NAME ="E_STARTDATE" NULLABLE ="NULL" PICTURETEXT ="" PRECISION ="19" SCALE ="0"/>
        <TARGETFIELD BUSINESSNAME ="" DATATYPE ="date" DESCRIPTION ="" FIELDNUMBER ="7" KEYTYPE ="NOT A KEY" NAME ="E_ENDDATE" NULLABLE ="NULL" PICTURETEXT ="" PRECISION ="19" SCALE ="0"/>
    </TARGET>
</FOLDER>
</REPOSITORY>
</POWERMART>