﻿STUD_ID,STUD_F_NAME,STUD_M_NAME,STUD_L_NAME,STUD_ROLLNO,STUD_STREET,STUD_CITY,STUD_STATE,STUD_COUNTRY,STUD_ZIP,STUD_PHONE,STUD_EMAIL,CREATED_DATE,END_DATE
14,Drisshya,s,Sunil,2387352,40/1Nagasandra,Bengaluru,Karnataka,India,560073,960-619-9672,sap.com,2025-04-07,NULL
15,Divya,g,Gopinath,2387455,21/7Yelahanka,Bengaluru,Karnataka,India,560041,990-011-2233,BharathBarry@gmail.com,2025-04-07,NULL
16,Arya,def,Ghi,2387353,18Nagasandra,Bengaluru,Karnataka,India,560051,990-011-2244,abcd05@gmail.com,2025-04-07,NULL
17,John,michael,Doe,123456789,Maple St101,Bengaluru,Karnataka,India,560001,987-654-3210,johndoe@example.com,2025-04-07,NULL
18,Jane,elizabeth,Smith,987654321,Oak Aven202,Chennai,Tamil Nadu,India,600001,876-543-2109,janesmith@example.com,2025-04-07,NULL
19,Sam,williamson,Brown,234567890,Pine Roa303,SOUTH DELHI,Delhi,India,110001,765-432-1098,robertbrown@example.com,2025-04-07,NULL
20,Riya,james,Johnson,876543210,Birch La404,Mumbai,Maharashtra,India,400001,654-321-0987,emilyjohnson@example.com,2025-04-07,NULL
21,Michael,james,Garcia,345678901,Cedar Dr505,Kolkata,West Bengal,India,700001,543-210-9876,michaelgarcia@example.com,2025-04-07,NULL
22,Sophia,antony,Williams,760032109,Willow B606,Hyderabad,Telangana,India,500001,432-109-8765,sophiawilliams@example.com,2025-04-07,NULL
23,Davi,henry,Martinez,456789012,Elm Road707,Pune,Maharashtra,India,411001,321-098-7654,davidmartinez@example.com,2025-04-07,NULL
24,Divya,rose,Krishnan,654321098,Cherry A808,Ahmedabad,BUTHAN,India,380001,210-987-6543,oliviataylor@example.com,2025-04-07,NULL
25,Deva,dharshini,Wilson,567890123,Aspen Co909,Surat,Gujarat,India,395001,109-876-5432,danielwilson@example.com,2025-04-07,NULL
26,Deva,dharshini,W,567890120,Aspen Co909,Surat,Gujarat,India,395001,109-876-5432,d@example.com,2025-04-07,NULL
