﻿CDW_XYZ_F_RESULT_DSET_KEY,RESULT_F_PERIOD_KEY,RESULT_F_STUDENT_KEY,RESULT_F_DEPARTMENT_KEY,RESULT_F_COLLEGE_CODE,RESULT_F_COLLEGE_NAME,RESULT_F_COURSE_CODE,RESULT_F_COURSE_NAME,RESULT_MARKS,RESULT_GRADE,CREATED_DATE,CREATED_BY
11,2024-05-07,18,58,523576293,Greenwood College,1028,Artificial Intelligence,58,FAIL,2025-04-07,STAGING
12,2024-06-19,19,47,995524394,Riverside Engineering,1017,Environmental Science,49,FAIL,2025-04-07,STAGING
13,2024-07-03,20,35,622118061,Springfield College,1005,Biotechnology,85,PASS,2025-04-07,STAGING
18,2024-01-15,14,31,613058635,Mountainview University,1001,Computer Science,80,PASS,2025-04-07,STAGING
19,2024-02-28,15,32,622118061,Springfield College,1002,Mechanical Engineering,45,FAIL,2025-04-07,STAGING
20,2024-03-12,16,33,322864222,Lakeside Institute,1003,Electrical Engineering,65,PASS,2025-04-07,STAGING
