{
  "name" : "Drisshya_MultiTarget_1-1743741898324",
  "sourceOrgId" : "4zjNtOvZpK1gjwCLnKoluF",
  "sourceOrgName" : "Cognizant",
  "exportedObjects" : [ {
    "objectGuid" : "aQPRcM2LwM5d1nUTaY1cAB",
    "objectName" : "Drisshya_IICS_src",
    "objectType" : "Connection",
    "path" : "/SYS",
    "metadata" : {
      "modelVersion" : {
        "major" : 0,
        "minor" : 0
      },
      "repoInfo" : {
        "repoHandle" : "012X1W0B000000000002"
      },
      "objectRefs" : [ "81GTFiSOiEogGyckx2q5Gu" ],
      "contextAttributes" : [ {
        "name" : "id",
        "value" : "@1"
      } ],
      "additionalInfo" : {
        "description" : null,
        "contentType" : "JSON",
        "documentState" : "COMPLETE"
      }
    }
  }, {
    "objectGuid" : "7hxgVlGvJsUhpVntKYWh6A",
    "objectName" : "Default",
    "objectType" : "Project",
    "path" : "/Explore",
    "metadata" : {
      "modelVersion" : {
        "major" : 0,
        "minor" : 0
      },
      "repoInfo" : null,
      "objectRefs" : [ ],
      "contextAttributes" : [ {
        "name" : "IS_DEF_LOC",
        "value" : "true"
      } ],
      "additionalInfo" : {
        "description" : "Auto-generated Default Project",
        "contentType" : null,
        "documentState" : "COMPLETE"
      }
    }
  }, {
    "objectGuid" : "6xJgNRoJ2THjQ5XV9SiiMm",
    "objectName" : "Drisshya_MultiTarget",
    "objectType" : "DTEMPLATE",
    "path" : "/Explore/Default",
    "metadata" : {
      "modelVersion" : {
        "major" : 0,
        "minor" : 0
      },
      "repoInfo" : {
        "repoHandle" : "012X1W1700000000000F"
      },
      "objectRefs" : [ "aQPRcM2LwM5d1nUTaY1cAB", "aWFiZx59vp9fVDhJi4E34A" ],
      "contextAttributes" : [ {
        "name" : "id",
        "value" : "@1"
      } ],
      "additionalInfo" : {
        "description" : "",
        "contentType" : "JSON",
        "documentState" : "VALID"
      }
    }
  }, {
    "objectGuid" : "82KiwgWZVyuceDYhWerEaa",
    "objectName" : "Drisshya_MultiTarget_1",
    "objectType" : "MTT",
    "path" : "/Explore/Default",
    "metadata" : {
      "modelVersion" : {
        "major" : 0,
        "minor" : 0
      },
      "repoInfo" : {
        "repoHandle" : "012X1W0Z000000000009"
      },
      "objectRefs" : [ "aQPRcM2LwM5d1nUTaY1cAB", "6xJgNRoJ2THjQ5XV9SiiMm", "81GTFiSOiEogGyckx2q5Gu", "aWFiZx59vp9fVDhJi4E34A" ],
      "contextAttributes" : [ {
        "name" : "id",
        "value" : "@1"
      } ],
      "additionalInfo" : {
        "description" : null,
        "contentType" : "JSON",
        "documentState" : "VALID"
      }
    }
  }, {
    "objectGuid" : "81GTFiSOiEogGyckx2q5Gu",
    "objectName" : "3289f249da3e523",
    "objectType" : "AgentGroup",
    "path" : "/SYS",
    "metadata" : {
      "modelVersion" : {
        "major" : 0,
        "minor" : 0
      },
      "repoInfo" : {
        "repoHandle" : "012X1W25000000000002"
      },
      "objectRefs" : [ ],
      "contextAttributes" : [ {
        "name" : "id",
        "value" : "@1"
      } ],
      "additionalInfo" : {
        "description" : null,
        "contentType" : "JSON",
        "documentState" : "VALID"
      }
    }
  }, {
    "objectGuid" : "aWFiZx59vp9fVDhJi4E34A",
    "objectName" : "ex_1_salesforce",
    "objectType" : "Connection",
    "path" : "/SYS",
    "metadata" : {
      "modelVersion" : {
        "major" : 0,
        "minor" : 0
      },
      "repoInfo" : {
        "repoHandle" : "012X1W0B000000000005"
      },
      "objectRefs" : [ "81GTFiSOiEogGyckx2q5Gu" ],
      "contextAttributes" : [ {
        "name" : "id",
        "value" : "@1"
      } ],
      "additionalInfo" : {
        "description" : null,
        "contentType" : "JSON",
        "documentState" : "COMPLETE"
      }
    }
  } ]
}